Category,Username,Name,Followers,Bio
Small,@Derek_Lieu,Derek Lieu,8922,Game trailer editor who shares expert advice on making trailers, especially on a budget for indies.
Small,@AdventureMtn,Chris,13478,Video game marketing consultant who publishes newsletters and hosts talks on inventive indie marketing ideas.
Small,@GreyAlien,Jake Birkett - Veteran Indie,19309,Indie dev since 2005 sharing dev logs on games like Forbidden Solitaire, Ancient Enemy, and more.
Medium,@jakobgreenfeld,Jakob Greenfeld,22480,Co-Founder of an AI lead gen tool, author, and indie entrepreneur sharing journeys and tips.
Medium,@simoncarless,Simon Carless,21559,Founder of GameDiscoverCo, sharing data and commentary on indie game marketing and discoverability.
Medium,@TheVTran,Victoria Tran,46624,Comms Director at Innersloth (Among Us), sharing tips on community management and indie marketing.
Medium,@pablostanley,Pablo Stanley,100141,Designer building AI tools like Musho and Lummi, sharing creative processes and investments.
Large,@arvidkahl,Arvid Kahl,184741,Building tools in public, raising all boats with kindness, podcast host, and writer sharing entrepreneurship lessons.
Large,@jackbutcher,jack,325204,Founder of Visualize Value, sharing insights on entrepreneurship, marketing, and creativity through art and illustrations.
Large,@austinkleon,Austin Kleon,112030,NYTimes bestselling author of Steal Like An Artist, sharing weekly newsletters on creative processes and visual culture.